ID,predicted_class
1.jpg,ice_cream
10.jpg,airplanes
100.jpg,ice_cream
1000.jpg,triceratops-horridus
1001.jpg,panthera-onca
1002.jpg,enteroctopus-dofleini
1003.jpg,churros
1004.jpg,inline_skate
1005.jpg,frozen_yogurt
1006.jpg,spring_rolls
1007.jpg,pad_thai
1008.jpg,canis-lupus
1009.jpg,musca-domestica
101.jpg,hippopotamus-amphibius
1010.jpg,cannoli
1011.jpg,branta-canadensis
1012.jpg,risotto
1013.jpg,ardea-herodias
1014.jpg,macarons
1015.jpg,iguana-iguana
1016.jpg,equus-quagga
1017.jpg,iguanodon-bernissartensis
1018.jpg,grand_piano
1019.jpg,ophiophagus-hannah
102.jpg,barrel
1020.jpg,physeter-macrocephalus
1021.jpg,grilled_salmon
1022.jpg,telmatobufo-bullocki
1023.jpg,rooster
1024.jpg,seaweed_salad
1025.jpg,codium-fragile
1026.jpg,danaus-plexippus
1027.jpg,dragonfly
1028.jpg,canis-lupus-familiaris
1029.jpg,mussels
103.jpg,correlophus-ciliatus
1030.jpg,red_velvet_cake
1031.jpg,lampropeltis-triangulum
1032.jpg,vulpes-vulpes
1033.jpg,octopus
1034.jpg,ophiophagus-hannah
1035.jpg,helicopter
1036.jpg,panthera-onca
1037.jpg,bison-bison
1038.jpg,pongo-abelii
1039.jpg,yin_yang
104.jpg,pyramid
1040.jpg,lampropeltis-triangulum
1041.jpg,centruroides-vittatus
1042.jpg,rusa-unicolor
1043.jpg,sciurus-carolinensis
1044.jpg,edamame
1045.jpg,ferry
1046.jpg,lemur-catta
1047.jpg,octopus
1048.jpg,giraffa-camelopardalis
1049.jpg,stegosaurus
105.jpg,cougar
1050.jpg,malayopython-reticulatus
1051.jpg,bass
1052.jpg,ice_cream
1053.jpg,loxodonta-africana
1054.jpg,carcharodon-carcharias
1055.jpg,croque_madame
1056.jpg,giraffa-camelopardalis
1057.jpg,crab
1058.jpg,dragonfly
1059.jpg,greek_salad
106.jpg,huevos_rancheros
1060.jpg,okapi
1061.jpg,lobster_roll_sandwich
1062.jpg,physeter-macrocephalus
1063.jpg,ailurus-fulgens
1064.jpg,soccer_ball
1065.jpg,panna_cotta
1066.jpg,menorah
1067.jpg,joshua_tree
1068.jpg,mellisuga-helenae
1069.jpg,panthera-onca
107.jpg,phoenicopterus-ruber
1070.jpg,centrochelys-sulcata
1071.jpg,puma-concolor
1072.jpg,huevos_rancheros
1073.jpg,colaptes-auratus
1074.jpg,panthera-pardus
1075.jpg,macarons
1076.jpg,stegosaurus
1077.jpg,chicken_quesadilla
1078.jpg,pterois-mombasae
1079.jpg,chocolate_cake
108.jpg,haliaeetus-leucocephalus
1080.jpg,binocular
1081.jpg,phoenicopterus-ruber
1082.jpg,airplanes
1083.jpg,pterois-mombasae
1084.jpg,huevos_rancheros
1085.jpg,omelette
1086.jpg,donuts
1087.jpg,pad_thai
1088.jpg,greek_salad
1089.jpg,croque_madame
109.jpg,inline_skate
1090.jpg,ursus-maritimus
1091.jpg,centrochelys-sulcata
1092.jpg,Motorbikes
1093.jpg,hawksbill
1094.jpg,colaptes-auratus
1095.jpg,dugong-dugon
1096.jpg,water_lilly
1097.jpg,stop_sign
1098.jpg,turdus-migratorius
1099.jpg,enteroctopus-dofleini
11.jpg,wrench
110.jpg,melanerpes-carolinus
1100.jpg,euphonium
1101.jpg,iguana-iguana
1102.jpg,dugong-dugon
1103.jpg,chocolate_cake
1104.jpg,lamp
1105.jpg,eggs_benedict
1106.jpg,bison-bison
1107.jpg,llama
1108.jpg,mandolin
1109.jpg,mimus-polyglottos
111.jpg,lobster_bisque
1110.jpg,hawksbill
1111.jpg,phoenicopterus-ruber
1112.jpg,orcinus-orca
1113.jpg,Motorbikes
1114.jpg,beef_carpaccio
1115.jpg,hippopotamus-amphibius
1116.jpg,pancakes
1117.jpg,watch
1118.jpg,brontosaurus
1119.jpg,panthera-leo
112.jpg,anas-platyrhynchos
1120.jpg,haliaeetus-leucocephalus
1121.jpg,frozen_yogurt
1122.jpg,bread_pudding
1123.jpg,chicken_curry
1124.jpg,bass
1125.jpg,spaghetti_bolognese
1126.jpg,scissors
1127.jpg,breakfast_burrito
1128.jpg,equus-caballus
1129.jpg,pizza
113.jpg,agalychnis-callidryas
1130.jpg,dugong-dugon
1131.jpg,bonsai
1132.jpg,Motorbikes
1133.jpg,platypus
1134.jpg,falafel
1135.jpg,grilled_cheese_sandwich
1136.jpg,ailurus-fulgens
1137.jpg,papilio-glaucus
1138.jpg,scissors
1139.jpg,ovis-aries
114.jpg,cryptoprocta-ferox
1140.jpg,trilobite
1141.jpg,windsor_chair
1142.jpg,tacos
1143.jpg,cannon
1144.jpg,acinonyx-jubatus
1145.jpg,dugong-dugon
1146.jpg,vulpes-vulpes
1147.jpg,caprese_salad
1148.jpg,phoebetria-fusca
1149.jpg,melanerpes-carolinus
115.jpg,canis-lupus-familiaris
1150.jpg,branta-canadensis
1151.jpg,donuts
1152.jpg,smilodon-populator
1153.jpg,watch
1154.jpg,hawksbill
1155.jpg,tapirus
1156.jpg,gnocchi
1157.jpg,spaghetti_bolognese
1158.jpg,french_toast
1159.jpg,sushi
116.jpg,ceiling_fan
1160.jpg,lemur-catta
1161.jpg,bos-taurus
1162.jpg,ovis-aries
1163.jpg,lobster_roll_sandwich
1164.jpg,seaweed_salad
1165.jpg,menorah
1166.jpg,nachos
1167.jpg,bison-bison
1168.jpg,tuna_tartare
1169.jpg,bradypus-variegatus
117.jpg,smilodon-populator
1170.jpg,ravioli
1171.jpg,scissors
1172.jpg,baby_back_ribs
1173.jpg,french_fries
1174.jpg,starfish
1175.jpg,revolver
1176.jpg,alces-alces
1177.jpg,binocular
1178.jpg,crotalus-atrox
1179.jpg,varanus-komodoensis
118.jpg,chicken_quesadilla
1180.jpg,caesar_salad
1181.jpg,watch
1182.jpg,pyramid
1183.jpg,mellisuga-helenae
1184.jpg,lampropeltis-triangulum
1185.jpg,trilobite
1186.jpg,tursiops-truncatus
1187.jpg,deviled_eggs
1188.jpg,mergus-serrator
1189.jpg,miso_soup
119.jpg,wheelchair
1190.jpg,tyrannosaurus-rex
1191.jpg,branta-canadensis
1192.jpg,trilobite
1193.jpg,crocodylus-niloticus
1194.jpg,coelacanthiformes
1195.jpg,water_lilly
1196.jpg,centrochelys-sulcata
1197.jpg,binocular
1198.jpg,dragonfly
1199.jpg,gorilla-gorilla
12.jpg,mimus-polyglottos
120.jpg,panthera-pardus
1200.jpg,cougar
1201.jpg,trilobite
1202.jpg,haliaeetus-leucocephalus
1203.jpg,okapi
1204.jpg,eggs_benedict
1205.jpg,odobenus-rosmarus
1206.jpg,sashimi
1207.jpg,bibimbap
1208.jpg,lampropeltis-triangulum
1209.jpg,platypus
121.jpg,french_toast
1210.jpg,trilobite
1211.jpg,grilled_cheese_sandwich
1212.jpg,dollar_bill
1213.jpg,eggs_benedict
1214.jpg,rhino
1215.jpg,gallus-gallus-domesticus
1216.jpg,betta-splendens
1217.jpg,icterus-gularis
1218.jpg,pancakes
1219.jpg,buddha
122.jpg,dugong-dugon
1220.jpg,ornithorhynchus-anatinus
1221.jpg,ceviche
1222.jpg,cheesecake
1223.jpg,sushi
1224.jpg,crotalus-atrox
1225.jpg,macropus-giganteus
1226.jpg,shrimp_and_grits
1227.jpg,butterfly
1228.jpg,macaroni_and_cheese
1229.jpg,carrot_cake
123.jpg,ovis-aries
1230.jpg,turdus-migratorius
1231.jpg,trilobite
1232.jpg,rooster
1233.jpg,crocodylus-niloticus
1234.jpg,mandolin
1235.jpg,canis-lupus
1236.jpg,gorilla-gorilla
1237.jpg,martes-americana
1238.jpg,barrel
1239.jpg,helicopter
124.jpg,fish_and_chips
1240.jpg,iguanodon-bernissartensis
1241.jpg,orcinus-orca
1242.jpg,stapler
1243.jpg,croque_madame
1244.jpg,colaptes-auratus
1245.jpg,red_velvet_cake
1246.jpg,grilled_salmon
1247.jpg,takoyaki
1248.jpg,chocolate_mousse
1249.jpg,grand_piano
125.jpg,sunflower
1250.jpg,hippopotamus-amphibius
1251.jpg,paella
1252.jpg,haliaeetus-leucocephalus
1253.jpg,giraffa-camelopardalis
1254.jpg,starfish
1255.jpg,haliaeetus-leucocephalus
1256.jpg,filet_mignon
1257.jpg,taurotragus-oryx
1258.jpg,laptop
1259.jpg,gramophone
126.jpg,buddha
1260.jpg,lampropeltis-triangulum
1261.jpg,ferry
1262.jpg,sea_horse
1263.jpg,foie_gras
1264.jpg,pterois-mombasae
1265.jpg,mergus-serrator
1266.jpg,escargots
1267.jpg,mergus-serrator
1268.jpg,ewer
1269.jpg,scorpion
127.jpg,ursus-arctos-horribilis
1270.jpg,danaus-plexippus
1271.jpg,alces-alces
1272.jpg,edamame
1273.jpg,enteroctopus-dofleini
1274.jpg,melanerpes-carolinus
1275.jpg,filet_mignon
1276.jpg,stop_sign
1277.jpg,chocolate_mousse
1278.jpg,mayfly
1279.jpg,eudocimus-albus
128.jpg,ornithorhynchus-anatinus
1280.jpg,kangaroo
1281.jpg,caesar_salad
1282.jpg,crocodylus-niloticus
1283.jpg,laptop
1284.jpg,melanerpes-carolinus
1285.jpg,eggs_benedict
1286.jpg,dugong-dugon
1287.jpg,ursus-arctos-horribilis
1288.jpg,spring_rolls
1289.jpg,dumplings
129.jpg,thryothorus-ludovicianus
1290.jpg,gorilla-gorilla
1291.jpg,garfield
1292.jpg,connochaetes-gnou
1293.jpg,huevos_rancheros
1294.jpg,ophiophagus-hannah
1295.jpg,ardea-herodias
1296.jpg,lepus-americanus
1297.jpg,crotophaga-sulcirostris
1298.jpg,Elefante
1299.jpg,pizza
13.jpg,panthera-onca
130.jpg,salmo-salar
1300.jpg,nautilus
1301.jpg,okapi
1302.jpg,macropus-giganteus
1303.jpg,butterfly
1304.jpg,caesar_salad
1305.jpg,phoenicopterus-ruber
1306.jpg,panda
1307.jpg,danaus-plexippus
1308.jpg,caprese_salad
1309.jpg,colaptes-auratus
131.jpg,iguanodon-bernissartensis
1310.jpg,chicken_quesadilla
1311.jpg,red_velvet_cake
1312.jpg,crocodylus-niloticus
1313.jpg,grilled_salmon
1314.jpg,carcharodon-carcharias
1315.jpg,foie_gras
1316.jpg,gramophone
1317.jpg,rooster
1318.jpg,equus-quagga
1319.jpg,ankylosaurus-magniventris
132.jpg,thryothorus-ludovicianus
1320.jpg,panthera-pardus
1321.jpg,ketch
1322.jpg,pigeon
1323.jpg,tarsius-pumilus
1324.jpg,trilobita
1325.jpg,breakfast_burrito
1326.jpg,brontosaurus
1327.jpg,canis-lupus-familiaris
1328.jpg,lampropeltis-triangulum
1329.jpg,melanerpes-carolinus
133.jpg,foie_gras
1330.jpg,menorah
1331.jpg,club_sandwich
1332.jpg,hot_and_sour_soup
1333.jpg,cheesecake
1334.jpg,papilio-glaucus
1335.jpg,panna_cotta
1336.jpg,eggs_benedict
1337.jpg,yin_yang
1338.jpg,crayfish
1339.jpg,physalia-physalis
134.jpg,cardinalis-cardinalis
1340.jpg,panthera-leo
1341.jpg,danaus-plexippus
1342.jpg,taurotragus-oryx
1343.jpg,hummus
1344.jpg,lampropeltis-triangulum
1345.jpg,Leopards
1346.jpg,rattus-rattus
1347.jpg,fish_and_chips
1348.jpg,melanerpes-carolinus
1349.jpg,pavo-cristatus
135.jpg,ceviche
1350.jpg,pterois-mombasae
1351.jpg,caesar_salad
1352.jpg,colaptes-auratus
1353.jpg,joshua_tree
1354.jpg,ursus-maritimus
1355.jpg,water_lilly
1356.jpg,falco-peregrinus
1357.jpg,miso_soup
1358.jpg,fish_and_chips
1359.jpg,macropus-giganteus
136.jpg,mergus-serrator
1360.jpg,cardinalis-cardinalis
1361.jpg,acinonyx-jubatus
1362.jpg,chocolate_cake
1363.jpg,fried_rice
1364.jpg,crocodylus-niloticus
1365.jpg,tapirus
1366.jpg,bos-taurus
1367.jpg,kangaroo
1368.jpg,accordion
1369.jpg,gramophone
137.jpg,revolver
1370.jpg,rooster
1371.jpg,loxodonta-africana
1372.jpg,stop_sign
1373.jpg,foie_gras
1374.jpg,vulpes-vulpes
1375.jpg,hawksbill
1376.jpg,equus-quagga
1377.jpg,brontosaurus
1378.jpg,paella
1379.jpg,helicopter
138.jpg,hawksbill
1380.jpg,ursus-maritimus
1381.jpg,gorilla-gorilla
1382.jpg,dragonfly
1383.jpg,ailurus-fulgens
1384.jpg,melanerpes-carolinus
1385.jpg,ceiling_fan
1386.jpg,accordion
1387.jpg,tuna_tartare
1388.jpg,brontosaurus
1389.jpg,scissors
139.jpg,mandolin
1390.jpg,ceviche
1391.jpg,platypus
1392.jpg,snoopy
1393.jpg,colaptes-auratus
1394.jpg,lepus-americanus
1395.jpg,codium-fragile
1396.jpg,inline_skate
1397.jpg,trilobite
1398.jpg,beef_carpaccio
1399.jpg,icterus-gularis
14.jpg,ketch
140.jpg,cougar
1400.jpg,pyramid
1401.jpg,cathartes-aura
1402.jpg,haliaeetus-leucocephalus
1403.jpg,haliaeetus-leucocephalus
1404.jpg,mammuthus-primigeniu
1405.jpg,balaenoptera-musculus
1406.jpg,beaver
1407.jpg,gavialis-gangeticus
1408.jpg,prime_rib
1409.jpg,rattus-rattus
141.jpg,iguanodon-bernissartensis
1410.jpg,takoyaki
1411.jpg,mayfly
1412.jpg,ramen
142.jpg,bos-taurus
143.jpg,rhino
144.jpg,ornithorhynchus-anatinus
145.jpg,carrot_cake
146.jpg,saxophone
147.jpg,dugong-dugon
148.jpg,panthera-onca
149.jpg,eudocimus-albus
15.jpg,icterus-gularis
150.jpg,architeuthis-dux
151.jpg,poecile-atricapillus
152.jpg,icterus-galbula
153.jpg,melanerpes-carolinus
154.jpg,cathartes-aura
155.jpg,melanerpes-carolinus
156.jpg,phoenicopterus-ruber
157.jpg,garlic_bread
158.jpg,rhino
159.jpg,creme_brulee
16.jpg,poutine
160.jpg,omelette
161.jpg,orcinus-orca
162.jpg,peking_duck
163.jpg,lasagna
164.jpg,grilled_salmon
165.jpg,ferry
166.jpg,llama
167.jpg,aquila-chrysaetos
168.jpg,escargots
169.jpg,watch
17.jpg,lobster_bisque
170.jpg,physeter-macrocephalus
171.jpg,heloderma-suspectum
172.jpg,garlic_bread
173.jpg,ailurus-fulgens
174.jpg,hawksbill
175.jpg,metronome
176.jpg,rattus-rattus
177.jpg,macropus-giganteus
178.jpg,peking_duck
179.jpg,icterus-galbula
18.jpg,pongo-abelii
180.jpg,filet_mignon
181.jpg,steak
182.jpg,accordion
183.jpg,baklava
184.jpg,lampropeltis-triangulum
185.jpg,starfish
186.jpg,omelette
187.jpg,rooster
188.jpg,codium-fragile
189.jpg,centrochelys-sulcata
19.jpg,varanus-komodoensis
190.jpg,enteroctopus-dofleini
191.jpg,beef_tartare
192.jpg,poutine
193.jpg,poutine
194.jpg,okapi
195.jpg,melanerpes-carolinus
196.jpg,melanerpes-carolinus
197.jpg,agalychnis-callidryas
198.jpg,revolver
199.jpg,buddha
2.jpg,ornithorhynchus-anatinus
20.jpg,ursus-arctos-horribilis
200.jpg,tursiops-truncatus
201.jpg,beef_tartare
202.jpg,sciurus-carolinensis
203.jpg,orcinus-orca
204.jpg,triceratops-horridus
205.jpg,crab
206.jpg,prime_rib
207.jpg,geococcyx-californianus
208.jpg,odobenus-rosmarus
209.jpg,physeter-macrocephalus
21.jpg,deviled_eggs
210.jpg,shrimp_and_grits
211.jpg,beaver
212.jpg,samosa
213.jpg,beignets
214.jpg,fried_rice
215.jpg,french_toast
216.jpg,thryothorus-ludovicianus
217.jpg,chicken_curry
218.jpg,brain
219.jpg,hummus
22.jpg,lobster_bisque
220.jpg,foie_gras
221.jpg,minaret
222.jpg,pho
223.jpg,danaus-plexippus
224.jpg,omelette
225.jpg,musca-domestica
226.jpg,pagoda
227.jpg,agalychnis-callidryas
228.jpg,iguana-iguana
229.jpg,melanerpes-carolinus
23.jpg,agalychnis-callidryas
230.jpg,windsor_chair
231.jpg,pulled_pork_sandwich
232.jpg,dollar_bill
233.jpg,phoebetria-fusca
234.jpg,enteroctopus-dofleini
235.jpg,lemur-catta
236.jpg,agalychnis-callidryas
237.jpg,malayopython-reticulatus
238.jpg,pteranodon-longiceps
239.jpg,hawksbill
24.jpg,scorpion
240.jpg,french_toast
241.jpg,panda
242.jpg,stapler
243.jpg,snoopy
244.jpg,rhino
245.jpg,panda
246.jpg,tursiops-truncatus
247.jpg,macropus-giganteus
248.jpg,branta-canadensis
249.jpg,hot_dog
25.jpg,bradypus-variegatus
250.jpg,mussels
251.jpg,lampropeltis-triangulum
252.jpg,tarsius-pumilus
253.jpg,centrochelys-sulcata
254.jpg,scallops
255.jpg,llama
256.jpg,stapler
257.jpg,haliaeetus-leucocephalus
258.jpg,turdus-migratorius
259.jpg,panthera-onca
26.jpg,samosa
260.jpg,peking_duck
261.jpg,cougar
262.jpg,caesar_salad
263.jpg,cannoli
264.jpg,barrel
265.jpg,spring_rolls
266.jpg,equus-quagga
267.jpg,brain
268.jpg,filet_mignon
269.jpg,nautilus
27.jpg,snoopy
270.jpg,pulled_pork_sandwich
271.jpg,balaenoptera-musculus
272.jpg,pigeon
273.jpg,yin_yang
274.jpg,gavialis-gangeticus
275.jpg,camera
276.jpg,tursiops-truncatus
277.jpg,triceratops-horridus
278.jpg,trilobite
279.jpg,ailuropoda-melanoleuca
28.jpg,balaenoptera-musculus
280.jpg,crocodylus-niloticus
281.jpg,iguanodon-bernissartensis
282.jpg,chicken_wings
283.jpg,tyrannus-tyrannus
284.jpg,gerenuk
285.jpg,tursiops-truncatus
286.jpg,edamame
287.jpg,mellisuga-helenae
288.jpg,bison-bison
289.jpg,thryothorus-ludovicianus
29.jpg,seaweed_salad
290.jpg,melanerpes-carolinus
291.jpg,chicken_wings
292.jpg,pad_thai
293.jpg,minaret
294.jpg,electric_guitar
295.jpg,ewer
296.jpg,lampropeltis-triangulum
297.jpg,spaghetti_carbonara
298.jpg,scallops
299.jpg,centrochelys-sulcata
3.jpg,club_sandwich
30.jpg,phoenicopterus-ruber
300.jpg,panthera-leo
301.jpg,takoyaki
302.jpg,hot_dog
303.jpg,rattus-rattus
304.jpg,icterus-gularis
305.jpg,musca-domestica
306.jpg,escargots
307.jpg,melanerpes-carolinus
308.jpg,grand_piano
309.jpg,cardinalis-cardinalis
31.jpg,carcharodon-carcharias
310.jpg,tiramisu
311.jpg,tacos
312.jpg,hydrurga-leptonyx
313.jpg,laptop
314.jpg,lampropeltis-triangulum
315.jpg,turdus-migratorius
316.jpg,dollar_bill
317.jpg,cup
318.jpg,pho
319.jpg,alces-alces
32.jpg,gyoza
320.jpg,mussels
321.jpg,musca-domestica
322.jpg,chocolate_mousse
323.jpg,lobster_roll_sandwich
324.jpg,balaenoptera-musculus
325.jpg,gnocchi
326.jpg,fish_and_chips
327.jpg,fried_calamari
328.jpg,escargots
329.jpg,frozen_yogurt
33.jpg,varanus-komodoensis
330.jpg,hawksbill
331.jpg,danaus-plexippus
332.jpg,mayfly
333.jpg,gyoza
334.jpg,chandelier
335.jpg,melanerpes-carolinus
336.jpg,grand_piano
337.jpg,sashimi
338.jpg,dalmatian
339.jpg,bread_pudding
34.jpg,cougar
340.jpg,sciurus-carolinensis
341.jpg,colaptes-auratus
342.jpg,panthera-pardus
343.jpg,sciurus-carolinensis
344.jpg,coelacanthiformes
345.jpg,crocodylus-niloticus
346.jpg,camera
347.jpg,panthera-pardus
348.jpg,betta-splendens
349.jpg,pavo-cristatus
35.jpg,bread_pudding
350.jpg,oysters
351.jpg,garfield
352.jpg,creme_brulee
353.jpg,onion_rings
354.jpg,buddha
355.jpg,malayopython-reticulatus
356.jpg,melanerpes-carolinus
357.jpg,ursus-arctos-horribilis
358.jpg,varanus-komodoensis
359.jpg,heterocera
36.jpg,eudocimus-albus
360.jpg,bibimbap
361.jpg,ketch
362.jpg,menorah
363.jpg,hawksbill
364.jpg,haliaeetus-leucocephalus
365.jpg,cheese_plate
366.jpg,malayopython-reticulatus
367.jpg,platypus
368.jpg,vultur-gryphus
369.jpg,edamame
37.jpg,chicken_quesadilla
370.jpg,mandolin
371.jpg,haliaeetus-leucocephalus
372.jpg,colaptes-auratus
373.jpg,pongo-abelii
374.jpg,panda
375.jpg,icterus-gularis
376.jpg,foie_gras
377.jpg,carcharodon-carcharias
378.jpg,scallops
379.jpg,stegosaurus
38.jpg,cheese_plate
380.jpg,ovis-canadensis
381.jpg,french_fries
382.jpg,phoenicopterus-ruber
383.jpg,ibis
384.jpg,bonsai
385.jpg,ravioli
386.jpg,enteroctopus-dofleini
387.jpg,melanerpes-carolinus
388.jpg,gorilla-gorilla
389.jpg,spaghetti_carbonara
39.jpg,french_toast
390.jpg,garfield
391.jpg,crotophaga-sulcirostris
392.jpg,ibis
393.jpg,eudocimus-albus
394.jpg,orcinus-orca
395.jpg,strawberry_shortcake
396.jpg,emu
397.jpg,ardea-herodias
398.jpg,phoebetria-fusca
399.jpg,danaus-plexippus
4.jpg,bruschetta
40.jpg,gavialis-gangeticus
400.jpg,phoenicopterus-ruber
401.jpg,ewer
402.jpg,bonsai
403.jpg,procyon-lotor
404.jpg,pagoda
405.jpg,tyrannosaurus-rex
406.jpg,gavialis-gangeticus
407.jpg,crocodylus-niloticus
408.jpg,peking_duck
409.jpg,laptop
41.jpg,wheelchair
410.jpg,soccer_ball
411.jpg,fried_calamari
412.jpg,onion_rings
413.jpg,dalmatian
414.jpg,chicken_wings
415.jpg,octopus
416.jpg,spaghetti_bolognese
417.jpg,takoyaki
418.jpg,inline_skate
419.jpg,smilodon-populator
42.jpg,haliaeetus-leucocephalus
420.jpg,varanus-komodoensis
421.jpg,rhino
422.jpg,beef_carpaccio
423.jpg,branta-canadensis
424.jpg,chandelier
425.jpg,ursus-arctos-horribilis
426.jpg,omelette
427.jpg,red_velvet_cake
428.jpg,lobster_bisque
429.jpg,hedgehog
43.jpg,struthio-camelus
430.jpg,peking_duck
431.jpg,wrench
432.jpg,sea_horse
433.jpg,physeter-macrocephalus
434.jpg,cardinalis-cardinalis
435.jpg,wrench
436.jpg,mussels
437.jpg,icterus-galbula
438.jpg,french_onion_soup
439.jpg,telmatobufo-bullocki
44.jpg,canis-lupus
440.jpg,macarons
441.jpg,crocodylus-niloticus
442.jpg,paella
443.jpg,pteranodon-longiceps
444.jpg,cheese_plate
445.jpg,menorah
446.jpg,strawberry
447.jpg,ceviche
448.jpg,lampropeltis-triangulum
449.jpg,lotus
45.jpg,cannoli
450.jpg,scorpion
451.jpg,churros
452.jpg,melanerpes-carolinus
453.jpg,takoyaki
454.jpg,branta-canadensis
455.jpg,melanerpes-carolinus
456.jpg,emu
457.jpg,windsor_chair
458.jpg,sashimi
459.jpg,pterois-mombasae
46.jpg,croque_madame
460.jpg,oysters
461.jpg,platypus
462.jpg,phyllobates-terribilis
463.jpg,dugong-dugon
464.jpg,onion_rings
465.jpg,iguana-iguana
466.jpg,clam_chowder
467.jpg,tapirus
468.jpg,pulled_pork_sandwich
469.jpg,creme_brulee
47.jpg,inia-geoffrensis
470.jpg,stapler
471.jpg,carcharodon-carcharias
472.jpg,joshua_tree
473.jpg,filet_mignon
474.jpg,periplaneta-americana
475.jpg,telmatobufo-bullocki
476.jpg,ceviche
477.jpg,panthera-onca
478.jpg,croque_madame
479.jpg,brontosaurus
48.jpg,hippopotamus-amphibius
480.jpg,pho
481.jpg,phoenicopterus-ruber
482.jpg,turdus-migratorius
483.jpg,grilled_salmon
484.jpg,chocolate_mousse
485.jpg,poutine
486.jpg,eudocimus-albus
487.jpg,beef_tartare
488.jpg,mammuthus-primigeniu
489.jpg,acinonyx-jubatus
49.jpg,panna_cotta
490.jpg,saxophone
491.jpg,bradypus-variegatus
492.jpg,varanus-komodoensis
493.jpg,tapirus
494.jpg,centrochelys-sulcata
495.jpg,huevos_rancheros
496.jpg,bread_pudding
497.jpg,lobster_bisque
498.jpg,salmo-salar
499.jpg,odobenus-rosmarus
5.jpg,phoebetria-fusca
50.jpg,pavo-cristatus
500.jpg,eggs_benedict
501.jpg,clam_chowder
502.jpg,alces-alces
503.jpg,beignets
504.jpg,carrot_cake
505.jpg,cheesecake
506.jpg,snoopy
507.jpg,french_toast
508.jpg,betta-splendens
509.jpg,soccer_ball
51.jpg,camera
510.jpg,nachos
511.jpg,panthera-tigris
512.jpg,french_toast
513.jpg,spinosaurus-aegyptiacus
514.jpg,cannon
515.jpg,french_fries
516.jpg,puma-concolor
517.jpg,churros
518.jpg,dermochelys-coriacea
519.jpg,lamp
52.jpg,delphinapterus-leucas
520.jpg,macropus-giganteus
521.jpg,fried_calamari
522.jpg,telmatobufo-bullocki
523.jpg,malayopython-reticulatus
524.jpg,umbrella
525.jpg,Elefante
526.jpg,takoyaki
527.jpg,windsor_chair
528.jpg,guacamole
529.jpg,tursiops-truncatus
53.jpg,carcharodon-carcharias
530.jpg,hawksbill
531.jpg,delfín
532.jpg,stop_sign
533.jpg,water_lilly
534.jpg,lampropeltis-triangulum
535.jpg,cardinalis-cardinalis
536.jpg,donuts
537.jpg,euphonium
538.jpg,panthera-leo
539.jpg,fried_rice
54.jpg,filet_mignon
540.jpg,panthera-onca
541.jpg,sushi
542.jpg,omelette
543.jpg,tursiops-truncatus
544.jpg,dugong-dugon
545.jpg,crayfish
546.jpg,chocolate_cake
547.jpg,phyllobates-terribilis
548.jpg,bread_pudding
549.jpg,hot_and_sour_soup
55.jpg,foie_gras
550.jpg,phoebetria-fusca
551.jpg,dalmatian
552.jpg,cannon
553.jpg,vulpes-vulpes
554.jpg,risotto
555.jpg,stegosaurus
556.jpg,cannon
557.jpg,giraffa-camelopardalis
558.jpg,hot_dog
559.jpg,icterus-gularis
56.jpg,dumplings
560.jpg,garfield
561.jpg,mayfly
562.jpg,omelette
563.jpg,ailurus-fulgens
564.jpg,camera
565.jpg,nautilus
566.jpg,centruroides-vittatus
567.jpg,euphonium
568.jpg,gnocchi
569.jpg,french_onion_soup
57.jpg,panthera-onca
570.jpg,aquila-chrysaetos
571.jpg,strawberry
572.jpg,nachos
573.jpg,sashimi
574.jpg,clam_chowder
575.jpg,strawberry
576.jpg,okapi
577.jpg,poecile-atricapillus
578.jpg,ardea-herodias
579.jpg,rhino
58.jpg,malayopython-reticulatus
580.jpg,tacos
581.jpg,cougar
582.jpg,chelonia-mydas
583.jpg,heterocera
584.jpg,chicken_wings
585.jpg,french_onion_soup
586.jpg,lampropeltis-triangulum
587.jpg,wheelchair
588.jpg,canis-lupus
589.jpg,rooster
59.jpg,lampropeltis-triangulum
590.jpg,acinonyx-jubatus
591.jpg,pavo-cristatus
592.jpg,inline_skate
593.jpg,garlic_bread
594.jpg,gyoza
595.jpg,tuna_tartare
596.jpg,turdus-migratorius
597.jpg,cellphone
598.jpg,acinonyx-jubatus
599.jpg,club_sandwich
6.jpg,lobster_bisque
60.jpg,phoenicopterus-ruber
600.jpg,phoenicopterus-ruber
601.jpg,ailurus-fulgens
602.jpg,baklava
603.jpg,icterus-gularis
604.jpg,alces-alces
605.jpg,hot_and_sour_soup
606.jpg,canis-lupus
607.jpg,beaver
608.jpg,joshua_tree
609.jpg,taurotragus-oryx
61.jpg,mammuthus-primigeniu
610.jpg,apis-mellifera
611.jpg,okapi
612.jpg,sea_horse
613.jpg,ailurus-fulgens
614.jpg,scorpion
615.jpg,equus-quagga
616.jpg,pigeon
617.jpg,pizza
618.jpg,musca-domestica
619.jpg,lampropeltis-triangulum
62.jpg,ailurus-fulgens
620.jpg,fried_rice
621.jpg,tursiops-truncatus
622.jpg,pad_thai
623.jpg,spaghetti_carbonara
624.jpg,headphone
625.jpg,anchor
626.jpg,balaenoptera-musculus
627.jpg,saxophone
628.jpg,bruschetta
629.jpg,chair
63.jpg,ceratitis-capitata
630.jpg,ailuropoda-melanoleuca
631.jpg,equus-caballus
632.jpg,pulled_pork_sandwich
633.jpg,soccer_ball
634.jpg,bread_pudding
635.jpg,tursiops-truncatus
636.jpg,starfish
637.jpg,lobster_bisque
638.jpg,caesar_salad
639.jpg,beef_carpaccio
64.jpg,eudocimus-albus
640.jpg,alces-alces
641.jpg,falafel
642.jpg,gramophone
643.jpg,lasagna
644.jpg,panthera-tigris
645.jpg,lampropeltis-triangulum
646.jpg,bread_pudding
647.jpg,beignets
648.jpg,nachos
649.jpg,anas-platyrhynchos
65.jpg,lamp
650.jpg,tapirus
651.jpg,carrot_cake
652.jpg,ewer
653.jpg,lepus-americanus
654.jpg,dumplings
655.jpg,bos-taurus
656.jpg,aquila-chrysaetos
657.jpg,chicken_quesadilla
658.jpg,monodon-monoceros
659.jpg,guacamole
66.jpg,thryothorus-ludovicianus
660.jpg,clam_chowder
661.jpg,eudocimus-albus
662.jpg,cougar
663.jpg,ursus-maritimus
664.jpg,prime_rib
665.jpg,balaenoptera-musculus
666.jpg,crotalus-atrox
667.jpg,stegosaurus
668.jpg,schooner
669.jpg,sunflower
67.jpg,tacos
670.jpg,chicken_curry
671.jpg,scorpion
672.jpg,alces-alces
673.jpg,crocodylus-niloticus
674.jpg,car_side
675.jpg,saxophone
676.jpg,pagoda
677.jpg,chicken_quesadilla
678.jpg,bass
679.jpg,rhino
68.jpg,Elefante
680.jpg,haliaeetus-leucocephalus
681.jpg,papilio-glaucus
682.jpg,inia-geoffrensis
683.jpg,melanerpes-carolinus
684.jpg,musca-domestica
685.jpg,geococcyx-californianus
686.jpg,tapirus
687.jpg,agalychnis-callidryas
688.jpg,pho
689.jpg,icterus-gularis
69.jpg,fried_calamari
690.jpg,dendrobatidae
691.jpg,macropus-giganteus
692.jpg,pongo-abelii
693.jpg,lemur-catta
694.jpg,okapi
695.jpg,apple_pie
696.jpg,aquila-chrysaetos
697.jpg,ophiophagus-hannah
698.jpg,orcinus-orca
699.jpg,brontosaurus
7.jpg,macropus-giganteus
70.jpg,car_side
700.jpg,beef_tartare
701.jpg,red_velvet_cake
702.jpg,taurotragus-oryx
703.jpg,dugong-dugon
704.jpg,gramophone
705.jpg,wheelchair
706.jpg,ramen
707.jpg,melanerpes-carolinus
708.jpg,dugong-dugon
709.jpg,varanus-komodoensis
71.jpg,red_velvet_cake
710.jpg,tursiops-truncatus
711.jpg,baklava
712.jpg,gallus-gallus-domesticus
713.jpg,ibis
714.jpg,okapi
715.jpg,Elefante
716.jpg,anchor
717.jpg,windsor_chair
718.jpg,orcinus-orca
719.jpg,carcharodon-carcharias
72.jpg,pulled_pork_sandwich
720.jpg,cannoli
721.jpg,bibimbap
722.jpg,thryothorus-ludovicianus
723.jpg,crab_cakes
724.jpg,bass
725.jpg,pigeon
726.jpg,ornithorhynchus-anatinus
727.jpg,umbrella
728.jpg,delfín
729.jpg,pteranodon-longiceps
73.jpg,equus-quagga
730.jpg,hippopotamus-amphibius
731.jpg,ceiling_fan
732.jpg,french_toast
733.jpg,crocodylus-niloticus
734.jpg,carcharodon-carcharias
735.jpg,beef_carpaccio
736.jpg,ferry
737.jpg,melanerpes-carolinus
738.jpg,dollar_bill
739.jpg,hot_dog
74.jpg,lotus
740.jpg,tarsius-pumilus
741.jpg,bibimbap
742.jpg,Elefante
743.jpg,pho
744.jpg,ibis
745.jpg,macropus-giganteus
746.jpg,hummus
747.jpg,euphonium
748.jpg,branta-canadensis
749.jpg,ursus-arctos-horribilis
75.jpg,cup
750.jpg,helicopter
751.jpg,macarons
752.jpg,ovis-aries
753.jpg,ketch
754.jpg,melanerpes-carolinus
755.jpg,wrench
756.jpg,heterocera
757.jpg,dugong-dugon
758.jpg,nachos
759.jpg,ailurus-fulgens
76.jpg,sashimi
760.jpg,dendrobatidae
761.jpg,octopus
762.jpg,haliaeetus-leucocephalus
763.jpg,pad_thai
764.jpg,chicken_wings
765.jpg,cyanocitta-cristata
766.jpg,cellphone
767.jpg,pterois-volitans
768.jpg,crab_cakes
769.jpg,icterus-galbula
77.jpg,cougar
770.jpg,lobster_roll_sandwich
771.jpg,betta-splendens
772.jpg,crab_cakes
773.jpg,pongo-abelii
774.jpg,miso_soup
775.jpg,pteranodon-longiceps
776.jpg,turdus-migratorius
777.jpg,periplaneta-americana
778.jpg,ibis
779.jpg,panthera-tigris
78.jpg,mayfly
780.jpg,cannon
781.jpg,omelette
782.jpg,caprese_salad
783.jpg,ceratotherium-simum
784.jpg,spaghetti_carbonara
785.jpg,canis-lupus
786.jpg,macaroni_and_cheese
787.jpg,binocular
788.jpg,crayfish
789.jpg,gyoza
79.jpg,ramen
790.jpg,prime_rib
791.jpg,mimus-polyglottos
792.jpg,lepus-americanus
793.jpg,panna_cotta
794.jpg,phoenicopterus-ruber
795.jpg,macropus-giganteus
796.jpg,bradypus-variegatus
797.jpg,emu
798.jpg,cougar
799.jpg,emu
8.jpg,ankylosaurus-magniventris
80.jpg,oysters
800.jpg,mammuthus-primigeniu
801.jpg,coelacanthiformes
802.jpg,crocodylus-niloticus
803.jpg,grand_piano
804.jpg,cougar
805.jpg,trilobite
806.jpg,centruroides-vittatus
807.jpg,smilodon-populator
808.jpg,branta-canadensis
809.jpg,ceviche
81.jpg,windsor_chair
810.jpg,physeter-macrocephalus
811.jpg,taurotragus-oryx
812.jpg,turdus-migratorius
813.jpg,brain
814.jpg,bos-taurus
815.jpg,beef_carpaccio
816.jpg,melanerpes-carolinus
817.jpg,ibis
818.jpg,homo-sapiens
819.jpg,falco-peregrinus
82.jpg,apis-mellifera
820.jpg,ursus-arctos-horribilis
821.jpg,bread_pudding
822.jpg,miso_soup
823.jpg,Leopards
824.jpg,cup
825.jpg,haliaeetus-leucocephalus
826.jpg,centruroides-vittatus
827.jpg,lemur-catta
828.jpg,beef_tartare
829.jpg,chicken_curry
83.jpg,grand_piano
830.jpg,nautilus
831.jpg,churros
832.jpg,haliaeetus-leucocephalus
833.jpg,garfield
834.jpg,electric_guitar
835.jpg,musca-domestica
836.jpg,macaroni_and_cheese
837.jpg,cougar
838.jpg,icterus-gularis
839.jpg,mimus-polyglottos
84.jpg,crab_cakes
840.jpg,club_sandwich
841.jpg,cyanocitta-cristata
842.jpg,bos-taurus
843.jpg,turdus-migratorius
844.jpg,equus-caballus
845.jpg,bruschetta
846.jpg,physeter-macrocephalus
847.jpg,sunflower
848.jpg,sunflower
849.jpg,anas-platyrhynchos
85.jpg,panda
850.jpg,paella
851.jpg,greek_salad
852.jpg,brain
853.jpg,equus-caballus
854.jpg,tapirus
855.jpg,oysters
856.jpg,huevos_rancheros
857.jpg,apis-mellifera
858.jpg,ketch
859.jpg,french_fries
86.jpg,thryothorus-ludovicianus
860.jpg,icterus-galbula
861.jpg,lobster_roll_sandwich
862.jpg,kangaroo
863.jpg,car_side
864.jpg,tursiops-truncatus
865.jpg,canis-lupus
866.jpg,bos-taurus
867.jpg,greek_salad
868.jpg,haliaeetus-leucocephalus
869.jpg,pantherophis-alleghaniensis
87.jpg,caprese_salad
870.jpg,anas-platyrhynchos
871.jpg,breakfast_burrito
872.jpg,panda
873.jpg,hedgehog
874.jpg,tursiops-truncatus
875.jpg,lampropeltis-triangulum
876.jpg,phoenicopterus-ruber
877.jpg,windsor_chair
878.jpg,sea_horse
879.jpg,umbrella
88.jpg,aquila-chrysaetos
880.jpg,dumplings
881.jpg,donuts
882.jpg,acinonyx-jubatus
883.jpg,tursiops-truncatus
884.jpg,tarsius-pumilus
885.jpg,garfield
886.jpg,metronome
887.jpg,strawberry
888.jpg,cougar
889.jpg,emu
89.jpg,pagoda
890.jpg,mammuthus-primigeniu
891.jpg,spring_rolls
892.jpg,creme_brulee
893.jpg,ursus-maritimus
894.jpg,hot_and_sour_soup
895.jpg,triceratops-horridus
896.jpg,deviled_eggs
897.jpg,tarsius-pumilus
898.jpg,apis-mellifera
899.jpg,car_side
9.jpg,pizza
90.jpg,gerenuk
900.jpg,mergus-serrator
901.jpg,crocodylus-niloticus
902.jpg,melanerpes-carolinus
903.jpg,branta-canadensis
904.jpg,Motorbikes
905.jpg,windsor_chair
906.jpg,pad_thai
907.jpg,codium-fragile
908.jpg,onion_rings
909.jpg,menorah
91.jpg,phyllobates-terribilis
910.jpg,french_toast
911.jpg,anchor
912.jpg,sciurus-carolinensis
913.jpg,rhino
914.jpg,revolver
915.jpg,icterus-gularis
916.jpg,physeter-macrocephalus
917.jpg,spinosaurus-aegyptiacus
918.jpg,shrimp_and_grits
919.jpg,melanerpes-carolinus
92.jpg,melanerpes-carolinus
920.jpg,hedgehog
921.jpg,crab
922.jpg,tarsius-pumilus
923.jpg,lampropeltis-triangulum
924.jpg,physeter-macrocephalus
925.jpg,prime_rib
926.jpg,grilled_salmon
927.jpg,panna_cotta
928.jpg,cheesecake
929.jpg,falafel
93.jpg,danaus-plexippus
930.jpg,yin_yang
931.jpg,headphone
932.jpg,ibis
933.jpg,brontosaurus
934.jpg,nautilus
935.jpg,diplodocus
936.jpg,eudocimus-albus
937.jpg,crocodylus-niloticus
938.jpg,haliaeetus-leucocephalus
939.jpg,iguanodon-bernissartensis
94.jpg,pongo-abelii
940.jpg,water_lilly
941.jpg,ceviche
942.jpg,cup_cakes
943.jpg,crab_cakes
944.jpg,cup
945.jpg,apis-mellifera
946.jpg,tiramisu
947.jpg,pterois-volitans
948.jpg,loxodonta-africana
949.jpg,lotus
95.jpg,haliaeetus-leucocephalus
950.jpg,sushi
951.jpg,filet_mignon
952.jpg,garlic_bread
953.jpg,barrel
954.jpg,cup_cakes
955.jpg,fried_rice
956.jpg,enteroctopus-dofleini
957.jpg,frozen_yogurt
958.jpg,melanerpes-carolinus
959.jpg,cardinalis-cardinalis
96.jpg,scallops
960.jpg,mammuthus-primigeniu
961.jpg,pongo-abelii
962.jpg,tyrannosaurus-rex
963.jpg,icterus-galbula
964.jpg,electric_guitar
965.jpg,puma-concolor
966.jpg,umbrella
967.jpg,ketch
968.jpg,pyramid
969.jpg,heterocera
97.jpg,pulled_pork_sandwich
970.jpg,croque_madame
971.jpg,chandelier
972.jpg,felis-catus
973.jpg,panda
974.jpg,macropus-giganteus
975.jpg,bos-taurus
976.jpg,cup_cakes
977.jpg,foie_gras
978.jpg,macaroni_and_cheese
979.jpg,scorpion
98.jpg,platypus
980.jpg,tapirus
981.jpg,dalmatian
982.jpg,headphone
983.jpg,colaptes-auratus
984.jpg,seaweed_salad
985.jpg,falafel
986.jpg,tiramisu
987.jpg,haliaeetus-leucocephalus
988.jpg,headphone
989.jpg,musca-domestica
99.jpg,ankylosaurus-magniventris
990.jpg,stapler
991.jpg,mammuthus-primigeniu
992.jpg,bread_pudding
993.jpg,bonsai
994.jpg,minaret
995.jpg,panda
996.jpg,panthera-onca
997.jpg,cellphone
998.jpg,pteranodon-longiceps
999.jpg,clam_chowder
